Workbook

Sheet Requirements
A1: tlsrelay — Requirements and how they are covered
A2: Source: docs/SPEC.md §11 (requirements) and docs/TESTS.md §4 (coverage). Releases: 1.0 = relay service, 1.1 = tlsrelay-admin editor.
A4: ID | B4: Group | C4: Requirement | D4: Release | E4: Spec ref. | F4: How it is covered (in a few words) | G4: Coverage status | H4: Automated tests (detail) | I4: Acceptance / manual checks
A5: GEN-01 | B5: General and platforms | C5: Runs on Windows 10, 11 and Server 2019 or later (64-bit) and on Linux: Ubuntu 22.04 and 24.04, Debian 12, RHEL 9 and equivalents | D5: 1.0 | E5: PLAN §2 | F5: Built and tested in CI on Windows (MSVC) and Linux (GCC, Clang); packages installed on 5 Linux distributions; cross-platform acceptance test. | G5: Auto + manual | H5: Windows MSVC and Linux jobs; package install on 5 distributions | I5: R13
A6: GEN-02 | B6: General and platforms | C6: OpenSSL 3.0 or later, dynamically linked; OpenSSL 3.5 LTS shipped on Windows; version checked and logged at startup | D6: 1.0 | E6: §10.3 | F6: CI job builds against OpenSSL 3.5 LTS; Windows CI checks the bundled version; startup log checked in acceptance. | G6: Auto | H6: OpenSSL 3.5 job; Windows version check; check-deps.sh | I6: R02, M08
A7: GEN-03 | B7: General and platforms | C7: Works as a pair: one client tlsrelay and one server tlsrelay; the peer is always a tlsrelay (tunnel protocol and ALPN mandatory) | D7: 1.0 | E7: §2, §3 | F7: Tests show a server refuses a peer without the tlsrelay ALPN, and a client refuses a non-tlsrelay server. | G7: Auto | H7: TlsTest.ServerRejectsMissingAlpn, AttackTest.ClientSendsNothingToValidFakeServerWithoutTunnelProtocol | I7: None
A8: GEN-04 | B8: General and platforms | C8: Three ports per instance: plain (plaintext), tls (TLS 1.3), mtls (mutual TLS 1.3); a port absent from the configuration is not opened | D8: 1.0 | E8: §2, §8 | F8: End-to-end tests send data through each of the 3 ports and verify integrity; config without ports is refused. | G8: Auto | H8: Relay.PlainChainPreservesDataIntegrity, TlsTest.ChainPreservesDataIntegrity, MtlsTest.ChainPreservesDataIntegrity, Validate.RequiresAtLeastOnePort | I8: R03
A9: GEN-05 | B9: General and platforms | C9: Server mode: plaintext output to a single destination (configurable address and port); client mode: plaintext input from the application | D9: 1.0 | E9: §2, §8 | F9: Relay tests run client and server modes to one destination; config loading tests for both modes. | G9: Auto | H9: Relay.*, Config.LoadsValidClient, Config.LoadsValidServerWithDefaults | I9: R03
A10: TLS-01 | B10: TLS | C10: TLS 1.3 only on the tls and mtls ports: TLS 1.2 and plaintext are refused | D10: 1.0 | E10: §3 | F10: Tests confirm TLS 1.2 and plaintext are refused on TLS ports; external scanners (sslyze, testssl.sh) confirm in CI. | G10: Auto | H10: TlsTest.ServerRejectsTls12, TlsTest.ServerRejectsPlaintextOnTlsPort, TlsTest.ServerNegotiatesTls13WithAlpn, tls-scan.sh | I10: None
A11: TLS-02 | B11: TLS | C11: Only the cipher suites and groups of section 3 | D11: 1.0 | E11: §3 | F11: External TLS scanners in CI list the offered suites and groups and fail on anything not allowed. | G11: Auto | H11: tls-scan.sh (sslyze, testssl.sh) | I11: None
A12: TLS-03 | B12: TLS | C12: ALPN tlsrelay/1 mandatory | D12: 1.0 | E12: §3 | F12: Tests check ALPN is negotiated and that a missing or wrong ALPN is refused. | G12: Auto | H12: TlsTest.ServerNegotiatesTls13WithAlpn, TlsTest.ServerRejectsMissingAlpn, TlsTest.ServerRejectsWrongAlpn | I12: None
A13: TLS-04 | B13: TLS | C13: No TLS session resumption: full handshake on every transport connection | D13: 1.0 | E13: §3 | F13: External TLS scan in CI confirms no session ticket or resumption is offered. | G13: Auto | H13: tls-scan.sh | I13: None
A14: TLS-05 | B14: TLS | C14: The client verifies the server's chain up to a trusted root, the expected name or IP address, and the issuing CA (Servers CA) | D14: 1.0 | E14: §3 | F14: Negative tests: server from another PKI, wrong name, wrong issuing CA, client cert used as server cert — all refused. | G14: Auto | H14: TlsTest.ClientRejectsServerFromAnotherPki, …WrongServerName, …AcceptsIpAddressAsServerName, …ServerCertificateFromUnexpectedCa, AttackTest.ClientRejectsServerPresentingClientCertificate, IpLiteral.RecognisesAddresses | I14: None
A15: TLS-06 | B15: TLS | C15: On the mtls port the server requires a client certificate issued by the Clients CA, with the clientAuth purpose | D15: 1.0 | E15: §3 | F15: Negative tests: no client certificate, wrong CA, server certificate used as client — all refused on mTLS. | G15: Auto | H15: MtlsTest.ServerRejectsClientWithoutCertificate, …ClientCertificateFromUnexpectedCa, …ServerCertificateUsedAsClientCertificate | I15: None
... A95: EDT-06 | B95: tlsrelay-admin editor | C95: Shipped in the MSI ("tlsrelay-admin" feature, Qt 6 under LGPLv3, dynamic linking); headless --check | D95: 1.1 | E95: EDITEUR §1 | F95: MSI install tested in CI with the editor; headless --check tested; acceptance E01. | G95: Auto | H95: Admin.CheckValid, Admin.CheckInvalid, Windows "Installed editor" step, Admin.CheckWhitelist, Admin.CheckUnreadable, Admin.CheckHeadless | I95: E01

Sheet Summary
A1: Coverage summary
A2: Counts are formulas over the Requirements sheet.
A4: Group | B4: Requirements | C4: Auto | D4: Auto + manual | E4: Partial (manual) | F4: % fully automated
A5: General and platforms | B5: =COUNTIF(Requirements!$B$5:$B$95,A5) -> 5 | C5: =COUNTIFS(Requirements!$B$5:$B$95,$A5,Requirements!$G$5:$G$95,"Auto") -> 4 | D5: =COUNTIFS(Requirements!$B$5:$B$95,$A5,Requirements!$G$5:$G$95,"Auto + manual") -> 1 | E5: =COUNTIFS(Requirements!$B$5:$B$95,$A5,Requirements!$G$5:$G$95,"Partial (manual)") -> 0 | F5: =IF(B5=0,0,C5/B5) -> 0.8
A6: TLS | B6: =COUNTIF(Requirements!$B$5:$B$95,A6) -> 8 | C6: =COUNTIFS(Requirements!$B$5:$B$95,$A6,Requirements!$G$5:$G$95,"Auto") -> 8 | D6: =COUNTIFS(Requirements!$B$5:$B$95,$A6,Requirements!$G$5:$G$95,"Auto + manual") -> 0 | E6: =COUNTIFS(Requirements!$B$5:$B$95,$A6,Requirements!$G$5:$G$95,"Partial (manual)") -> 0 | F6: =IF(B6=0,0,C6/B6) -> 1
A7: Tunnel protocol | B7: =COUNTIF(Requirements!$B$5:$B$95,A7) -> 14 | C7: =COUNTIFS(Requirements!$B$5:$B$95,$A7,Requirements!$G$5:$G$95,"Auto") -> 14 | D7: =COUNTIFS(Requirements!$B$5:$B$95,$A7,Requirements!$G$5:$G$95,"Auto + manual") -> 0 | E7: =COUNTIFS(Requirements!$B$5:$B$95,$A7,Requirements!$G$5:$G$95,"Partial (manual)") -> 0 | F7: =IF(B7=0,0,C7/B7) -> 1
A8: Channels and timers | B8: =COUNTIF(Requirements!$B$5:$B$95,A8) -> 5 | C8: =COUNTIFS(Requirements!$B$5:$B$95,$A8,Requirements!$G$5:$G$95,"Auto") -> 5 | D8: =COUNTIFS(Requirements!$B$5:$B$95,$A8,Requirements!$G$5:$G$95,"Auto + manual") -> 0 | E8: =COUNTIFS(Requirements!$B$5:$B$95,$A8,Requirements!$G$5:$G$95,"Partial (manual)") -> 0 | F8: =IF(B8=0,0,C8/B8) -> 1
A9: Whitelist | B9: =COUNTIF(Requirements!$B$5:$B$95,A9) -> 6 | C9: =COUNTIFS(Requirements!$B$5:$B$95,$A9,Requirements!$G$5:$G$95,"Auto") -> 6 | D9: =COUNTIFS(Requirements!$B$5:$B$95,$A9,Requirements!$G$5:$G$95,"Auto + manual") -> 0 | E9: =COUNTIFS(Requirements!$B$5:$B$95,$A9,Requirements!$G$5:$G$95,"Partial (manual)") -> 0 | F9: =IF(B9=0,0,C9/B9) -> 1
A10: Instance PKI | B10: =COUNTIF(Requirements!$B$5:$B$95,A10) -> 10 | C10: =COUNTIFS(Requirements!$B$5:$B$95,$A10,Requirements!$G$5:$G$95,"Auto") -> 10 | D10: =COUNTIFS(Requirements!$B$5:$B$95,$A10,Requirements!$G$5:$G$95,"Auto + manual") -> 0 | E10: =COUNTIFS(Requirements!$B$5:$B$95,$A10,Requirements!$G$5:$G$95,"Partial (manual)") -> 0 | F10: =IF(B10=0,0,C10/B10) -> 1
A11: Mini-CA | B11: =COUNTIF(Requirements!$B$5:$B$95,A11) -> 7 | C11: =COUNTIFS(Requirements!$B$5:$B$95,$A11,Requirements!$G$5:$G$95,"Auto") -> 7 | D11: =COUNTIFS(Requirements!$B$5:$B$95,$A11,Requirements!$G$5:$G$95,"Auto + manual") -> 0 | E11: =COUNTIFS(Requirements!$B$5:$B$95,$A11,Requirements!$G$5:$G$95,"Partial (manual)") -> 0 | F11: =IF(B11=0,0,C11/B11) -> 1
A12: Revocation enforced by the service | B12: =COUNTIF(Requirements!$B$5:$B$95,A12) -> 4 | C12: =COUNTIFS(Requirements!$B$5:$B$95,$A12,Requirements!$G$5:$G$95,"Auto") -> 4 | D12: =COUNTIFS(Requirements!$B$5:$B$95,$A12,Requirements!$G$5:$G$95,"Auto + manual") -> 0 | E12: =COUNTIFS(Requirements!$B$5:$B$95,$A12,Requirements!$G$5:$G$95,"Partial (manual)") -> 0 | F12: =IF(B12=0,0,C12/B12) -> 1
A13: Configuration | B13: =COUNTIF(Requirements!$B$5:$B$95,A13) -> 4 | C13: =COUNTIFS(Requirements!$B$5:$B$95,$A13,Requirements!$G$5:$G$95,"Auto") -> 4 | D13: =COUNTIFS(Requirements!$B$5:$B$95,$A13,Requirements!$G$5:$G$95,"Auto + manual") -> 0 | E13: =COUNTIFS(Requirements!$B$5:$B$95,$A13,Requirements!$G$5:$G$95,"Partial (manual)") -> 0 | F13: =IF(B13=0,0,C13/B13) -> 1
A14: Logging | B14: =COUNTIF(Requirements!$B$5:$B$95,A14) -> 3 | C14: =COUNTIFS(Requirements!$B$5:$B$95,$A14,Requirements!$G$5:$G$95,"Auto") -> 1 | D14: =COUNTIFS(Requirements!$B$5:$B$95,$A14,Requirements!$G$5:$G$95,"Auto + manual") -> 2 | E14: =COUNTIFS(Requirements!$B$5:$B$95,$A14,Requirements!$G$5:$G$95,"Partial (manual)") -> 0 | F14: =IF(B14=0,0,C14/B14) -> 0.33333333
A15: Lifecycle and administration | B15: =COUNTIF(Requirements!$B$5:$B$95,A15) -> 8 | C15: =COUNTIFS(Requirements!$B$5:$B$95,$A15,Requirements!$G$5:$G$95,"Auto") -> 4 | D15: =COUNTIFS(Requirements!$B$5:$B$95,$A15,Requirements!$G$5:$G$95,"Auto + manual") -> 4 | E15: =COUNTIFS(Requirements!$B$5:$B$95,$A15,Requirements!$G$5:$G$95,"Partial (manual)") -> 0 | F15: =IF(B15=0,0,C15/B15) -> 0.5
A16: Security and quality | B16: =COUNTIF(Requirements!$B$5:$B$95,A16) -> 4 | C16: =COUNTIFS(Requirements!$B$5:$B$95,$A16,Requirements!$G$5:$G$95,"Auto") -> 2 | D16: =COUNTIFS(Requirements!$B$5:$B$95,$A16,Requirements!$G$5:$G$95,"Auto + manual") -> 2 | E16: =COUNTIFS(Requirements!$B$5:$B$95,$A16,Requirements!$G$5:$G$95,"Partial (manual)") -> 0 | F16: =IF(B16=0,0,C16/B16) -> 0.5
... A19: tlsrelay-admin editor | B19: =COUNTIF(Requirements!$B$5:$B$95,A19) -> 6 | C19: =COUNTIFS(Requirements!$B$5:$B$95,$A19,Requirements!$G$5:$G$95,"Auto") -> 6 | D19: =COUNTIFS(Requirements!$B$5:$B$95,$A19,Requirements!$G$5:$G$95,"Auto + manual") -> 0 | E19: =COUNTIFS(Requirements!$B$5:$B$95,$A19,Requirements!$G$5:$G$95,"Partial (manual)") -> 0 | F19: =IF(B19=0,0,C19/B19) -> 1
A20: Total | B20: =SUM(B5:B19) -> 91 | C20: =SUM(C5:C19) -> 79 | D20: =SUM(D5:D19) -> 10 | E20: =SUM(E5:E19) -> 2 | F20: =IF(B20=0,0,C20/B20) -> 0.86813187
A21: Automated (fully or with a manual complement) | F21: =IF(B20=0,0,(C20+D20)/B20) -> 0.97802198

Sheet Legend
A1: Coverage status
A2: Auto | B2: Fully verified by automated tests on every push (GitHub Actions CI).
A3: Auto + manual | B3: Automated in CI, with a manual complement during acceptance or before production.
A4: Partial (manual) | B4: Automated at reduced scale in CI; full verification is manual (performance machine, long runs).
A6: Test references
A7: GoogleTest names (e.g. TlsTest.ServerRejectsTls12) | B7: Unit and integration tests in tests/*.cpp, run by ctest on Linux and Windows.
A8: Qt test names (e.g. pki_panel_full_cycle) | B8: Editor tests in tests/admin/test_admin.cpp.
A9: Scripts (systemd.sh, tls-scan.sh, perf.sh …) | B9: Lifecycle, security and performance scripts in tests/lifecycle, tests/perf and tools/.
A10: R01–R13 | B10: Automated acceptance scenarios (tools/acceptance.ps1), docs/ACCEPTANCE.md.
A11: M01–M09 | B11: Manual acceptance steps for the service, docs/ACCEPTANCE.md.
A12: E01–E10 | B12: Acceptance steps for the editor, docs/ACCEPTANCE.md.
A13: Spec ref. | B13: Section of docs/SPEC.md (§n), PLAN.md or EDITOR.md describing the requirement.
